Handle,Title,Body (HTML),Vendor,Product Category,Type,Tags,Published,Option1 Name,Option1 Value,Option1 Linked To,Option2 Name,Option2 Value,Option2 Linked To,Option3 Name,Option3 Value,Option3 Linked To,Variant SKU,Variant Grams,Variant Inventory Tracker,Variant Inventory Qty,Variant Inventory Policy,Variant Fulfillment Service,Variant Price,Variant Compare At Price,Variant Requires Shipping,Variant Taxable,Unit Price Total Measure,Unit Price Total Measure Unit,Unit Price Base Measure,Unit Price Base Measure Unit,Variant Barcode,Image Src,Image Position,Image Alt Text,Gift Card,SEO Title,SEO Description,Animal type (product.metafields.shopify.animal-type),Color (product.metafields.shopify.color-pattern),Dog age group (product.metafields.shopify.dog-age-group),Dog toy type (product.metafields.shopify.dog-toy-type),Material (product.metafields.shopify.material),Pet control accessory features (product.metafields.shopify.pet-control-accessory-features),Shape (product.metafields.shopify.shape),Suitable for breed size (product.metafields.shopify.suitable-for-breed-size),Suitable space (product.metafields.shopify.suitable-space),Toy/Game material (product.metafields.shopify.toy-game-material),Complementary products (product.metafields.shopify--discovery--product_recommendation.complementary_products),Related products (product.metafields.shopify--discovery--product_recommendation.related_products),Related products settings (product.metafields.shopify--discovery--product_recommendation.related_products_display),Search product boosts (product.metafields.shopify--discovery--product_search_boost.queries),Variant Image,Variant Weight Unit,Variant Tax Code,Cost per item,Status
dog-grooming-brush-deshedding,Dog Grooming Brush,"<p>Say goodbye to fur on your couch! </p>
<p>Our professional-grade deshedding brush removes loose fur quickly <br>and gently — your dog will love the massage feel!</p>
<p>Features:<br>- Stainless steel fine-tooth comb<br>- Ergonomic non-slip handle<br>- Works on all coat types<br>- Easy-clean button</p>",PawPerfect co,Animals & Pet Supplies > Pet Supplies > Pet Grooming Supplies > Pet Combs & Brushes > Deshedders,Grooming,"brush, deshedding, dogs, grooming",true,Title,Default Title,,,,,,,,'50,0.0,shopify,51,deny,manual,22.99,35.99,true,true,,,,,PPF-005,https://cdn.shopify.com/s/files/1/0603/6088/4353/files/Dogbrush.jpg?v=1773762473,1,"",false,,,dogs,,,,,,,,,,,,,,,lb,,,active
interactive-dog-puzzle-toy,Interactive Dog Puzzle Toy,"<p>Keep your pup's brain sharp and boredom away! </p>
<p>This interactive puzzle toy challenges your dog to find hidden treats, <br>keeping them entertained for hours.</p>
<p>Features:<br>- BPA-free safe material<br>- 3 difficulty levels<br>- Easy to clean<br>- Great for all breeds</p>",PawPerfect co,Animals & Pet Supplies > Pet Supplies > Dog Supplies > Dog Toys,Toys,"dogs, interactive, puzzle, toys",true,Title,Default Title,,,,,,,,,0.0,shopify,51,deny,manual,29.99,44.99,true,true,,,,,PPF-004,https://cdn.shopify.com/s/files/1/0603/6088/4353/files/Dogpuzzle.jpg?v=1773762330,1,"",false,,,,,adult; junior; puppy; senior,interactive,,,,small; medium; large,,plastic,,,,,,lb,,,active
stainless-steel-dog-bowl-set-2-pack,Stainless Steel Dog Bowl Set (2 Pack),"<p>Mealtime just got an upgrade! </p>
<p>Our stainless steel dog bowls are durable, easy to clean, <br>and safe for your pet. Comes as a 2-pack (food + water).</p>
<p>Features:<br>- Food-grade stainless steel<br>- Anti-skid rubber base<br>- Dishwasher safe<br>- Available in Small / Medium / Large</p>",PawPerfect co,"Animals & Pet Supplies > Pet Supplies > Pet Bowls, Feeders & Waterers > Bowls",Feeding,"bowls, dogs, feeding, stainless steel",true,Title,Default Title,,,,,,,,,0.0,shopify,39,deny,manual,19.99,29.99,true,true,,,,,PPF-003,https://cdn.shopify.com/s/files/1/0603/6088/4353/files/DogBowl.jpg?v=1773761965,1,"",false,,,dogs,silver,,,stainless-steel; rubber,,,,,,,,,,,lb,,,active
retractable-dog-leash-16ft,Retractable Dog Leash (16ft),"<p>Walk in style and comfort with our Retractable Dog Leash! </p>
<p>Perfect for daily walks, parks, and adventures. The smooth retract <br>mechanism gives your dog freedom while keeping you in control.</p>
<p>Features:<br>- 16ft retractable cord<br>- One-button lock &amp; release<br>- Anti-slip ergonomic handle<br>- Suitable for dogs up to 55 lbs</p>",PawPerfect co,Animals & Pet Supplies > Pet Supplies > Pet Leashes,Dog Accessories,"accessories, dogs, leash, walking",true,Title,Default Title,,,,,,,,,0.0,shopify,47,deny,manual,24.99,39.99,true,true,,,,,PPL-002,https://cdn.shopify.com/s/files/1/0603/6088/4353/files/DogLeash.jpg?v=1773761687,1,"",false,,,dogs,black,,,plastic; metal; nylon,adjustable; comfort-padding; quick-release,,,,,,,,,,lb,,,active
orthopedic-memory-foam-dog-bed,Orthopedic Memory Foam Dog Bed,"<p>Give your dog the sleep they deserve! </p>
<p>Our Orthopedic Memory Foam Dog Bed is designed to support your dog's joints and <br>muscles — perfect for older dogs or any pup who loves maximum comfort.</p>
<p>Features:<br>- Premium memory foam filling<br>- Removable, washable cover<br>- Non-slip bottom<br>- Available in 3 sizes: Small / Medium / Large</p>
<p> Ships in 1–2 business days | Delivered in 7–14 days</p>",PawPerfect co,Animals & Pet Supplies > Pet Supplies > Pet Beds > Bolster Beds,Dog Beds,"beds, comfort, dogs, orthopedic",true,Title,Default Title,,,,,,,,,0.0,shopify,50,deny,manual,49.99,69.99,true,true,,,,,PPB-001,https://cdn.shopify.com/s/files/1/0603/6088/4353/files/Dogbedphoto.jpg?v=1773761188,1,"",false,,,dogs,gray,,,fabric,,rectangular,,indoors,,,,,,,lb,,,active
